{
  "hash": "af0986d9",
  "browserHash": "53de3b66",
  "optimized": {
    "@angular/core": {
      "src": "../../../../../node_modules/@angular/core/fesm2022/core.mjs",
      "file": "@angular_core.js",
      "fileHash": "08fbef90",
      "needsInterop": false
    },
    "@angular/platform-browser": {
      "src": "../../../../../node_modules/@angular/platform-browser/fesm2022/platform-browser.mjs",
      "file": "@angular_platform-browser.js",
      "fileHash": "fc40a351",
      "needsInterop": false
    }
  },
  "chunks": {
    "chunk-PPB32L3K": {
      "file": "chunk-PPB32L3K.js"
    }
  }
}